
{
    "button": "Send Message",
    "fields": [
      {
        "name": "yourName",
        "placeholder": "Your Name",
        "label": "Your Name",
        "fullwidth": true,
        "required": true,
        "validation": {
          "maxLength": 150,
          "pattern": "^[A-Za-z]+$"
          
        },
       
        "htmlElement": "textbox"
      },
      {
        "name": "email",
        "placeholder": "Email",
        "label": "Email",
        "fullwidth": true,
        "required": true,
        "validation": {
          "pattern": "^[A-Za-z0-9._%+-]+@[A-Za-z0-9.-]+\\.[A-Za-z]{2,}$"
          
        },
       
        "htmlElement": "email"
      },
      {
        "name": "subject",
        "placeholder": "Subject",
        "label": "Subject",
        "fullwidth": true,
        "required": true,
        "validation": {
          "maxLength": 150,
          "pattern": "^[A-Za-z]+$"

        },
        "htmlElement": "textbox"
      },
      {
        "name": "message",
        "placeholder": "Write your message",
        "label": "Message",
        "fullwidth": true,
        "required": true,
        "validation": {
          "minLength": 25,
          "maxLength": 250
          
        },
        
        "htmlElement": "textarea"
      }
    ]
  }